documentId,field_accuracy,required_field_accuracy,identifier_accuracy,row_accuracy,classification_accuracy,grouping_accuracy,decision_correct,cer,wer,latency_ms,peak_memory_mb
delivery-note-01,0.5555555555555556,0.5555555555555556,0.6666666666666666,0.0,1.0,1.0,False,,,,
invoice-01,0.7619047619047619,0.9411764705882353,1.0,0.0,0.8,0.2,False,,,,
tax-invoice-01,0.76,1.0,1.0,0.0,1.0,1.0,False,,,,
delivery-note-02,0.14285714285714285,0.16666666666666666,0.3333333333333333,0.0,1.0,1.0,False,,,,
invoice-02,0.5294117647058824,0.5833333333333334,0.0,0.0,0.75,0.25,False,,,,
tax-invoice-02,0.631578947368421,1.0,1.0,0.0,1.0,1.0,False,,,,
delivery-note-03,0.6666666666666666,0.6666666666666666,1.0,0.0,1.0,1.0,False,,,,
invoice-03,0.7037037037037037,0.8181818181818182,1.0,0.0,1.0,1.0,False,,,,
tax-invoice-03,0.25806451612903225,0.7142857142857143,0.5714285714285714,0.0,1.0,1.0,False,,,,
